{"cameraMode":{"drawMode":0,"name":"Shaded","section":"Shading Mode"},"sceneLighting":false,"audioPlay":false,"sceneViewState":{"showFog":false,"showMaterialUpdate":false,"showSkybox":false,"showFlares":false,"showImageEffects":false,"showParticleSystems":false},"in2DMode":false,"pivot":{"x":241.43568420410157,"y":172.4936065673828,"z":168.44725036621095},"rotation":{"x":-0.014032542705535889,"y":0.9751838445663452,"z":-0.21124303340911866,"w":-0.0647762268781662},"size":18.566781997680665,"orthographic":false}