{"cameraMode":{"drawMode":0,"name":"Shaded","section":"Shading Mode"},"sceneLighting":false,"audioPlay":false,"sceneViewState":{"showFog":true,"showMaterialUpdate":false,"showSkybox":true,"showFlares":true,"showImageEffects":true,"showParticleSystems":true},"in2DMode":false,"pivot":{"x":245.60308837890626,"y":14.55384635925293,"z":182.65745544433595},"rotation":{"x":-0.11547666043043137,"y":0.34178340435028078,"z":-0.04236125946044922,"w":-0.9316945672035217},"size":19.569639205932618,"orthographic":false}