{"cameraMode":{"drawMode":0,"name":"Shaded","section":"Shading Mode"},"sceneLighting":false,"audioPlay":false,"sceneViewState":{"showFog":true,"showMaterialUpdate":false,"showSkybox":true,"showFlares":true,"showImageEffects":true,"showParticleSystems":true},"in2DMode":false,"pivot":{"x":0.20000004768371583,"y":-0.1499999761581421,"z":0.17000019550323487},"rotation":{"x":-0.18081383407115937,"y":0.37339088320732119,"z":-0.07445082813501358,"w":-0.9068312048912048},"size":5.7157673835754398,"orthographic":false}