{"cameraMode":{"drawMode":0,"name":"Shaded","section":"Shading Mode"},"sceneLighting":false,"audioPlay":false,"sceneViewState":{"showFog":true,"showMaterialUpdate":false,"showSkybox":true,"showFlares":true,"showImageEffects":true,"showParticleSystems":true},"in2DMode":false,"pivot":{"x":275.2584533691406,"y":4.865394592285156,"z":157.18771362304688},"rotation":{"x":-0.19790682196617127,"y":0.669223964214325,"z":-0.19194138050079347,"w":-0.6900222301483154},"size":37.102970123291019,"orthographic":false}