{"cameraMode":{"drawMode":0,"name":"Shaded","section":"Shading Mode"},"sceneLighting":true,"audioPlay":false,"sceneViewState":{"showFog":false,"showMaterialUpdate":false,"showSkybox":false,"showFlares":false,"showImageEffects":false,"showParticleSystems":false},"in2DMode":false,"pivot":{"x":982.574462890625,"y":747.8338623046875,"z":932.8759155273438},"rotation":{"x":0.018775450065732003,"y":0.9724043607711792,"z":-0.21677297353744508,"w":0.08418302983045578},"size":891.5728759765625,"orthographic":true}