{"cameraMode":{"drawMode":0,"name":"Shaded","section":"Shading Mode"},"sceneLighting":false,"audioPlay":false,"sceneViewState":{"showFog":true,"showMaterialUpdate":false,"showSkybox":true,"showFlares":true,"showImageEffects":true,"showParticleSystems":true},"in2DMode":false,"pivot":{"x":237.07754516601563,"y":172.63722229003907,"z":168.61691284179688},"rotation":{"x":-0.20965269207954408,"y":-0.6110935807228088,"z":0.1722961962223053,"w":-0.743588924407959},"size":12.834184646606446,"orthographic":false}