{"cameraMode":{"drawMode":0,"name":"Shaded","section":"Shading Mode"},"sceneLighting":true,"audioPlay":false,"sceneViewState":{"showFog":false,"showMaterialUpdate":false,"showSkybox":false,"showFlares":false,"showImageEffects":false,"showParticleSystems":false},"in2DMode":false,"pivot":{"x":-11.975627899169922,"y":28.834510803222658,"z":90.00055694580078},"rotation":{"x":0.039324235171079639,"y":0.00030860386323183775,"z":-0.000012652155419345945,"w":0.999226450920105},"size":139.30906677246095,"orthographic":false}