{"cameraMode":{"drawMode":0,"name":"Shaded","section":"Shading Mode"},"sceneLighting":false,"audioPlay":false,"sceneViewState":{"showFog":true,"showMaterialUpdate":false,"showSkybox":true,"showFlares":true,"showImageEffects":true,"showParticleSystems":true},"in2DMode":false,"pivot":{"x":256.72332763671877,"y":18.816146850585939,"z":185.2041473388672},"rotation":{"x":-0.12186307460069657,"y":-0.7483901381492615,"z":0.14339765906333924,"w":-0.636002242565155},"size":15.178423881530762,"orthographic":false}