{"cameraMode":{"drawMode":0,"name":"Shaded","section":"Shading Mode"},"sceneLighting":false,"audioPlay":false,"sceneViewState":{"showFog":true,"showMaterialUpdate":false,"showSkybox":true,"showFlares":true,"showImageEffects":true,"showParticleSystems":true},"in2DMode":false,"pivot":{"x":285.8675231933594,"y":17.517276763916017,"z":164.94000244140626},"rotation":{"x":-0.38379979133605959,"y":-0.16565857827663423,"z":0.07019820809364319,"w":-0.9057191610336304},"size":22.328044891357423,"orthographic":false}