{"cameraMode":{"drawMode":0,"name":"Shaded","section":"Shading Mode"},"sceneLighting":false,"audioPlay":false,"sceneViewState":{"showFog":true,"showMaterialUpdate":false,"showSkybox":true,"showFlares":true,"showImageEffects":true,"showParticleSystems":true},"in2DMode":false,"pivot":{"x":276.9513854980469,"y":28.813404083251954,"z":163.86660766601563},"rotation":{"x":-0.08237132430076599,"y":-0.7987443208694458,"z":0.11240836977958679,"w":-0.5853092074394226},"size":59.77681350708008,"orthographic":false}