{"cameraMode":{"drawMode":0,"name":"Shaded","section":"Shading Mode"},"sceneLighting":true,"audioPlay":false,"sceneViewState":{"showFog":false,"showMaterialUpdate":false,"showSkybox":false,"showFlares":false,"showImageEffects":false,"showParticleSystems":false},"in2DMode":false,"pivot":{"x":0.0,"y":1.641500473022461,"z":84.65415954589844},"rotation":{"x":-0.005193675402551889,"y":0.9844583868980408,"z":-0.029542652890086175,"w":-0.17304477095603944},"size":390.0619201660156,"orthographic":false}