{"cameraMode":{"drawMode":0,"name":"Shaded","section":"Shading Mode"},"sceneLighting":false,"audioPlay":false,"sceneViewState":{"showFog":true,"showMaterialUpdate":false,"showSkybox":true,"showFlares":true,"showImageEffects":true,"showParticleSystems":true},"in2DMode":false,"pivot":{"x":232.12625122070313,"y":17.399999618530275,"z":194.55763244628907},"rotation":{"x":-0.05104665458202362,"y":0.5896543264389038,"z":-0.037382982671260837,"w":-0.8051736354827881},"size":11.98105525970459,"orthographic":false}