{"cameraMode":{"drawMode":0,"name":"Shaded","section":"Shading Mode"},"sceneLighting":false,"audioPlay":false,"sceneViewState":{"showFog":true,"showMaterialUpdate":false,"showSkybox":true,"showFlares":true,"showImageEffects":true,"showParticleSystems":true},"in2DMode":false,"pivot":{"x":286.22711181640627,"y":15.48653793334961,"z":151.13449096679688},"rotation":{"x":-0.09142931550741196,"y":0.1920423060655594,"z":-0.01797233335673809,"w":-0.9769532084465027},"size":9.08941650390625,"orthographic":false}