{"cameraMode":{"drawMode":0,"name":"Shaded","section":"Shading Mode"},"sceneLighting":false,"audioPlay":false,"sceneViewState":{"showFog":true,"showMaterialUpdate":false,"showSkybox":true,"showFlares":true,"showImageEffects":true,"showParticleSystems":true},"in2DMode":false,"pivot":{"x":281.2262268066406,"y":18.200000762939454,"z":152.65478515625},"rotation":{"x":-0.08237132430076599,"y":-0.7987443208694458,"z":0.11240836977958679,"w":-0.5853092074394226},"size":13.606247901916504,"orthographic":false}