{"cameraMode":{"drawMode":0,"name":"Shaded","section":"Shading Mode"},"sceneLighting":false,"audioPlay":false,"sceneViewState":{"showFog":false,"showMaterialUpdate":false,"showSkybox":false,"showFlares":false,"showImageEffects":false,"showParticleSystems":false},"in2DMode":false,"pivot":{"x":281.3399963378906,"y":175.46939086914063,"z":147.66531372070313},"rotation":{"x":0.09178349375724793,"y":0.891967236995697,"z":-0.21010710299015046,"w":0.3896477222442627},"size":22.0,"orthographic":true}