{"cameraMode":{"drawMode":0,"name":"Shaded","section":"Shading Mode"},"sceneLighting":false,"audioPlay":false,"sceneViewState":{"showFog":false,"showMaterialUpdate":false,"showSkybox":false,"showFlares":false,"showImageEffects":false,"showParticleSystems":false},"in2DMode":false,"pivot":{"x":207.35086059570313,"y":181.77468872070313,"z":199.85440063476563},"rotation":{"x":-0.0045051430352032188,"y":0.9619351625442505,"z":-0.2727784216403961,"w":-0.01588633470237255},"size":51.22945022583008,"orthographic":false}