{"cameraMode":{"drawMode":0,"name":"Shaded","section":"Shading Mode"},"sceneLighting":false,"audioPlay":false,"sceneViewState":{"showFog":true,"showMaterialUpdate":false,"showSkybox":true,"showFlares":true,"showImageEffects":true,"showParticleSystems":true},"in2DMode":false,"pivot":{"x":279.7104797363281,"y":175.43603515625,"z":147.31163024902345},"rotation":{"x":-0.0832793116569519,"y":-0.5758916735649109,"z":0.059128064662218097,"w":-0.8111209869384766},"size":13.997711181640625,"orthographic":false}