{"cameraMode":{"drawMode":0,"name":"Shaded","section":"Shading Mode"},"sceneLighting":false,"audioPlay":false,"sceneViewState":{"showFog":true,"showMaterialUpdate":false,"showSkybox":true,"showFlares":true,"showImageEffects":true,"showParticleSystems":true},"in2DMode":false,"pivot":{"x":239.57723999023438,"y":18.600000381469728,"z":221.25},"rotation":{"x":-0.05104665458202362,"y":0.5896543264389038,"z":-0.037382982671260837,"w":-0.8051736354827881},"size":14.966862678527832,"orthographic":false}