{"cameraMode":{"drawMode":0,"name":"Shaded","section":"Shading Mode"},"sceneLighting":false,"audioPlay":false,"sceneViewState":{"showFog":true,"showMaterialUpdate":false,"showSkybox":true,"showFlares":true,"showImageEffects":true,"showParticleSystems":true},"in2DMode":false,"pivot":{"x":263.54693603515627,"y":10.231975555419922,"z":171.53512573242188},"rotation":{"x":-0.04343908652663231,"y":-0.9535651803016663,"z":0.24583692848682404,"w":-0.16849564015865327},"size":34.5361442565918,"orthographic":false}