{"cameraMode":{"drawMode":0,"name":"Shaded","section":"Shading Mode"},"sceneLighting":false,"audioPlay":false,"sceneViewState":{"showFog":false,"showMaterialUpdate":false,"showSkybox":false,"showFlares":false,"showImageEffects":false,"showParticleSystems":false},"in2DMode":false,"pivot":{"x":214.84815979003907,"y":179.90386962890626,"z":140.76263427734376},"rotation":{"x":0.05445303022861481,"y":0.8626600503921509,"z":-0.09513502568006516,"w":0.4937629699707031},"size":22.0,"orthographic":true}