{"cameraMode":{"drawMode":0,"name":"Shaded","section":"Shading Mode"},"sceneLighting":false,"audioPlay":false,"sceneViewState":{"showFog":false,"showMaterialUpdate":false,"showSkybox":false,"showFlares":false,"showImageEffects":false,"showParticleSystems":false},"in2DMode":false,"pivot":{"x":227.13482666015626,"y":168.05055236816407,"z":174.2552032470703},"rotation":{"x":-0.13540038466453553,"y":0.8645959496498108,"z":-0.34364980459213259,"w":-0.3406544625759125},"size":21.665599822998048,"orthographic":false}