{"cameraMode":{"drawMode":0,"name":"Shaded","section":"Shading Mode"},"sceneLighting":false,"audioPlay":false,"sceneViewState":{"showFog":true,"showMaterialUpdate":false,"showSkybox":true,"showFlares":true,"showImageEffects":true,"showParticleSystems":true},"in2DMode":false,"pivot":{"x":240.5044403076172,"y":170.08213806152345,"z":186.7139892578125},"rotation":{"x":-0.14796969294548036,"y":0.6802433133125305,"z":-0.14307928085327149,"w":-0.7034929990768433},"size":12.5773286819458,"orthographic":false}