{"cameraMode":{"drawMode":0,"name":"Shaded","section":"Shading Mode"},"sceneLighting":false,"audioPlay":false,"sceneViewState":{"showFog":true,"showMaterialUpdate":false,"showSkybox":true,"showFlares":true,"showImageEffects":true,"showParticleSystems":true},"in2DMode":false,"pivot":{"x":278.82623291015627,"y":18.09000015258789,"z":163.375},"rotation":{"x":-0.09142931550741196,"y":0.1920423060655594,"z":-0.01797233335673809,"w":-0.9769532084465027},"size":13.606247901916504,"orthographic":false}