{"cameraMode":{"drawMode":0,"name":"Shaded","section":"Shading Mode"},"sceneLighting":false,"audioPlay":false,"sceneViewState":{"showFog":true,"showMaterialUpdate":false,"showSkybox":true,"showFlares":true,"showImageEffects":true,"showParticleSystems":true},"in2DMode":false,"pivot":{"x":280.5347900390625,"y":175.40603637695313,"z":147.68646240234376},"rotation":{"x":-0.12186307460069657,"y":-0.7483901381492615,"z":0.14339765906333924,"w":-0.636002242565155},"size":13.997711181640625,"orthographic":false}