{"cameraMode":{"drawMode":0,"name":"Shaded","section":"Shading Mode"},"sceneLighting":false,"audioPlay":false,"sceneViewState":{"showFog":false,"showMaterialUpdate":false,"showSkybox":false,"showFlares":false,"showImageEffects":false,"showParticleSystems":false},"in2DMode":false,"pivot":{"x":234.6822509765625,"y":172.4775848388672,"z":162.2910614013672},"rotation":{"x":-0.12940162420272828,"y":0.6689901947975159,"z":-0.11989537626504898,"w":-0.7220336198806763},"size":12.5773286819458,"orthographic":false}