{"cameraMode":{"drawMode":0,"name":"Shaded","section":"Shading Mode"},"sceneLighting":false,"audioPlay":false,"sceneViewState":{"showFog":true,"showMaterialUpdate":false,"showSkybox":true,"showFlares":true,"showImageEffects":true,"showParticleSystems":true},"in2DMode":false,"pivot":{"x":234.6822509765625,"y":172.4775848388672,"z":162.2910614013672},"rotation":{"x":-0.08350121974945069,"y":0.376425176858902,"z":-0.03408917039632797,"w":-0.922046422958374},"size":12.5773286819458,"orthographic":false}