{"cameraMode":{"drawMode":0,"name":"Shaded","section":"Shading Mode"},"sceneLighting":false,"audioPlay":false,"sceneViewState":{"showFog":true,"showMaterialUpdate":false,"showSkybox":true,"showFlares":true,"showImageEffects":true,"showParticleSystems":true},"in2DMode":false,"pivot":{"x":213.0365753173828,"y":177.39662170410157,"z":226.89590454101563},"rotation":{"x":-0.12186307460069657,"y":-0.7483901381492615,"z":0.14339765906333924,"w":-0.636002242565155},"size":57.1336784362793,"orthographic":false}