{"cameraMode":{"drawMode":0,"name":"Shaded","section":"Shading Mode"},"sceneLighting":false,"audioPlay":false,"sceneViewState":{"showFog":false,"showMaterialUpdate":false,"showSkybox":false,"showFlares":false,"showImageEffects":false,"showParticleSystems":false},"in2DMode":false,"pivot":{"x":223.45155334472657,"y":177.46109008789063,"z":165.9966583251953},"rotation":{"x":-0.058128390461206439,"y":-0.9378184676170349,"z":0.28274184465408327,"w":-0.19280749559402467},"size":4.362069129943848,"orthographic":false}