{"cameraMode":{"drawMode":0,"name":"Shaded","section":"Shading Mode"},"sceneLighting":false,"audioPlay":false,"sceneViewState":{"showFog":true,"showMaterialUpdate":false,"showSkybox":true,"showFlares":true,"showImageEffects":true,"showParticleSystems":true},"in2DMode":false,"pivot":{"x":275.3695068359375,"y":27.154247283935548,"z":146.87799072265626},"rotation":{"x":-0.20965269207954408,"y":-0.6110935807228088,"z":0.1722961962223053,"w":-0.743588924407959},"size":55.35554122924805,"orthographic":false}