{"cameraMode":{"drawMode":0,"name":"Shaded","section":"Shading Mode"},"sceneLighting":false,"audioPlay":false,"sceneViewState":{"showFog":false,"showMaterialUpdate":false,"showSkybox":false,"showFlares":false,"showImageEffects":false,"showParticleSystems":false},"in2DMode":false,"pivot":{"x":224.44190979003907,"y":175.99948120117188,"z":181.21279907226563},"rotation":{"x":-0.1717199832201004,"y":0.1383739411830902,"z":-0.02436804212629795,"w":-0.9750749468803406},"size":17.296100616455079,"orthographic":false}