{"cameraMode":{"drawMode":0,"name":"Shaded","section":"Shading Mode"},"sceneLighting":false,"audioPlay":false,"sceneViewState":{"showFog":false,"showMaterialUpdate":false,"showSkybox":false,"showFlares":false,"showImageEffects":false,"showParticleSystems":false},"in2DMode":false,"pivot":{"x":283.3668212890625,"y":173.06727600097657,"z":142.83474731445313},"rotation":{"x":0.08769472688436508,"y":0.8581792116165161,"z":-0.1564616709947586,"w":0.4809967875480652},"size":11.531356811523438,"orthographic":true}