{"cameraMode":{"drawMode":0,"name":"Shaded","section":"Shading Mode"},"sceneLighting":false,"audioPlay":false,"sceneViewState":{"showFog":false,"showMaterialUpdate":false,"showSkybox":false,"showFlares":false,"showImageEffects":false,"showParticleSystems":false},"in2DMode":false,"pivot":{"x":383.9996337890625,"y":303.3041687011719,"z":0.0},"rotation":{"x":0.22877265512943269,"y":0.06449512392282486,"z":-0.015192423947155476,"w":0.9712222814559937},"size":233.34524536132813,"orthographic":false}