{"cameraMode":{"drawMode":0,"name":"Shaded","section":"Shading Mode"},"sceneLighting":false,"audioPlay":false,"sceneViewState":{"showFog":false,"showMaterialUpdate":false,"showSkybox":false,"showFlares":false,"showImageEffects":false,"showParticleSystems":false},"in2DMode":false,"pivot":{"x":236.89527893066407,"y":174.6420440673828,"z":180.30276489257813},"rotation":{"x":-0.1717199832201004,"y":0.1383739411830902,"z":-0.02436804212629795,"w":-0.9750749468803406},"size":12.477469444274903,"orthographic":false}