{"cameraMode":{"drawMode":0,"name":"Shaded","section":"Shading Mode"},"sceneLighting":false,"audioPlay":false,"sceneViewState":{"showFog":false,"showMaterialUpdate":false,"showSkybox":false,"showFlares":false,"showImageEffects":false,"showParticleSystems":false},"in2DMode":false,"pivot":{"x":196.96759033203126,"y":146.90419006347657,"z":180.9647216796875},"rotation":{"x":0.21872584521770478,"y":0.37024033069610598,"z":-0.09014801681041718,"w":0.8983064293861389},"size":119.4178695678711,"orthographic":false}