{"cameraMode":{"drawMode":0,"name":"Shaded","section":"Shading Mode"},"sceneLighting":false,"audioPlay":false,"sceneViewState":{"showFog":false,"showMaterialUpdate":false,"showSkybox":false,"showFlares":false,"showImageEffects":false,"showParticleSystems":false},"in2DMode":false,"pivot":{"x":233.37355041503907,"y":172.1856231689453,"z":175.51007080078126},"rotation":{"x":-0.005367056000977755,"y":0.9717177152633667,"z":-0.23503994941711427,"w":-0.022185195237398149},"size":13.588199615478516,"orthographic":false}