{"cameraMode":{"drawMode":0,"name":"Shaded","section":"Shading Mode"},"sceneLighting":false,"audioPlay":false,"sceneViewState":{"showFog":true,"showMaterialUpdate":false,"showSkybox":true,"showFlares":true,"showImageEffects":true,"showParticleSystems":true},"in2DMode":false,"pivot":{"x":280.44598388671877,"y":17.079999923706056,"z":150.51072692871095},"rotation":{"x":-0.0832793116569519,"y":-0.5758916735649109,"z":0.059128064662218097,"w":-0.8111209869384766},"size":22.0,"orthographic":false}