{"cameraMode":{"drawMode":0,"name":"Shaded","section":"Shading Mode"},"sceneLighting":false,"audioPlay":false,"sceneViewState":{"showFog":true,"showMaterialUpdate":false,"showSkybox":true,"showFlares":true,"showImageEffects":true,"showParticleSystems":true},"in2DMode":false,"pivot":{"x":239.51588439941407,"y":173.8478240966797,"z":196.5615234375},"rotation":{"x":-0.04343908652663231,"y":-0.9535651803016663,"z":0.24583692848682404,"w":-0.16849564015865327},"size":12.834184646606446,"orthographic":false}