{"cameraMode":{"drawMode":0,"name":"Shaded","section":"Shading Mode"},"sceneLighting":false,"audioPlay":false,"sceneViewState":{"showFog":false,"showMaterialUpdate":false,"showSkybox":false,"showFlares":false,"showImageEffects":false,"showParticleSystems":false},"in2DMode":false,"pivot":{"x":218.4385986328125,"y":176.006103515625,"z":195.95046997070313},"rotation":{"x":0.05693802237510681,"y":0.942402184009552,"z":-0.25051552057266238,"w":0.21419194340705872},"size":17.579113006591798,"orthographic":false}