{"cameraMode":{"drawMode":0,"name":"Shaded","section":"Shading Mode"},"sceneLighting":false,"audioPlay":false,"sceneViewState":{"showFog":true,"showMaterialUpdate":false,"showSkybox":true,"showFlares":true,"showImageEffects":true,"showParticleSystems":true},"in2DMode":false,"pivot":{"x":218.4385986328125,"y":176.006103515625,"z":195.95046997070313},"rotation":{"x":-0.011635441333055497,"y":0.9821764230728149,"z":-0.17600534856319428,"w":-0.06493248045444489},"size":16.82211685180664,"orthographic":false}