{"cameraMode":{"drawMode":0,"name":"Shaded","section":"Shading Mode"},"sceneLighting":false,"audioPlay":false,"sceneViewState":{"showFog":true,"showMaterialUpdate":false,"showSkybox":true,"showFlares":true,"showImageEffects":true,"showParticleSystems":true},"in2DMode":false,"pivot":{"x":143.5,"y":15.516084671020508,"z":151.94000244140626},"rotation":{"x":-0.1571720838546753,"y":0.6651085615158081,"z":-0.14615614712238313,"w":-0.7152383923530579},"size":26.684797286987306,"orthographic":false}