{"cameraMode":{"drawMode":0,"name":"Shaded","section":"Shading Mode"},"sceneLighting":false,"audioPlay":false,"sceneViewState":{"showFog":true,"showMaterialUpdate":false,"showSkybox":true,"showFlares":true,"showImageEffects":true,"showParticleSystems":true},"in2DMode":false,"pivot":{"x":244.03823852539063,"y":18.00137710571289,"z":198.60000610351563},"rotation":{"x":-0.05104665458202362,"y":0.5896543264389038,"z":-0.037382982671260837,"w":-0.8051736354827881},"size":13.606247901916504,"orthographic":false}