{"cameraMode":{"drawMode":0,"name":"Shaded","section":"Shading Mode"},"sceneLighting":false,"audioPlay":false,"sceneViewState":{"showFog":false,"showMaterialUpdate":false,"showSkybox":false,"showFlares":false,"showImageEffects":false,"showParticleSystems":false},"in2DMode":false,"pivot":{"x":223.50128173828126,"y":176.8147430419922,"z":218.38502502441407},"rotation":{"x":-0.0045051430352032188,"y":0.9619351625442505,"z":-0.2727784216403961,"w":-0.01588633470237255},"size":22.555438995361329,"orthographic":false}