{"cameraMode":{"drawMode":0,"name":"Shaded","section":"Shading Mode"},"sceneLighting":false,"audioPlay":false,"sceneViewState":{"showFog":true,"showMaterialUpdate":false,"showSkybox":true,"showFlares":true,"showImageEffects":true,"showParticleSystems":true},"in2DMode":false,"pivot":{"x":236.73439025878907,"y":19.507055282592775,"z":224.0},"rotation":{"x":-0.05104665458202362,"y":0.5896543264389038,"z":-0.037382982671260837,"w":-0.8051736354827881},"size":16.921358108520509,"orthographic":false}