{"cameraMode":{"drawMode":0,"name":"Shaded","section":"Shading Mode"},"sceneLighting":false,"audioPlay":false,"sceneViewState":{"showFog":true,"showMaterialUpdate":false,"showSkybox":true,"showFlares":true,"showImageEffects":true,"showParticleSystems":true},"in2DMode":false,"pivot":{"x":286.6295471191406,"y":9.610865592956543,"z":143.6223907470703},"rotation":{"x":0.0009610777487978339,"y":-0.9821208715438843,"z":0.18818242847919465,"w":0.005014645867049694},"size":33.97629928588867,"orthographic":false}