{"cameraMode":{"drawMode":0,"name":"Shaded","section":"Shading Mode"},"sceneLighting":false,"audioPlay":false,"sceneViewState":{"showFog":true,"showMaterialUpdate":false,"showSkybox":true,"showFlares":true,"showImageEffects":true,"showParticleSystems":true},"in2DMode":false,"pivot":{"x":247.2638702392578,"y":169.4070281982422,"z":188.129638671875},"rotation":{"x":-0.14796969294548036,"y":0.6802433133125305,"z":-0.14307928085327149,"w":-0.7034929990768433},"size":12.450944900512696,"orthographic":false}