{"cameraMode":{"drawMode":0,"name":"Shaded","section":"Shading Mode"},"sceneLighting":false,"audioPlay":false,"sceneViewState":{"showFog":true,"showMaterialUpdate":false,"showSkybox":true,"showFlares":true,"showImageEffects":true,"showParticleSystems":true},"in2DMode":false,"pivot":{"x":279.1612548828125,"y":18.100004196166993,"z":167.3527069091797},"rotation":{"x":-0.09142931550741196,"y":0.1920423060655594,"z":-0.01797233335673809,"w":-0.9769532084465027},"size":14.093746185302735,"orthographic":false}