{"cameraMode":{"drawMode":0,"name":"Shaded","section":"Shading Mode"},"sceneLighting":false,"audioPlay":false,"sceneViewState":{"showFog":false,"showMaterialUpdate":false,"showSkybox":false,"showFlares":false,"showImageEffects":false,"showParticleSystems":false},"in2DMode":false,"pivot":{"x":195.95616149902345,"y":173.06277465820313,"z":129.21783447265626},"rotation":{"x":0.19061820209026338,"y":-0.6677224040031433,"z":0.18288220465183259,"w":0.6959637999534607},"size":9.893489837646485,"orthographic":false}