{"cameraMode":{"drawMode":0,"name":"Shaded","section":"Shading Mode"},"sceneLighting":false,"audioPlay":false,"sceneViewState":{"showFog":true,"showMaterialUpdate":false,"showSkybox":true,"showFlares":true,"showImageEffects":true,"showParticleSystems":true},"in2DMode":false,"pivot":{"x":281.3487548828125,"y":175.75604248046876,"z":147.66531372070313},"rotation":{"x":-0.107317715883255,"y":-0.8289027214050293,"z":0.17045649886131288,"w":-0.5218695402145386},"size":13.997711181640625,"orthographic":false}