{"cameraMode":{"drawMode":0,"name":"Shaded","section":"Shading Mode"},"sceneLighting":false,"audioPlay":false,"sceneViewState":{"showFog":true,"showMaterialUpdate":false,"showSkybox":true,"showFlares":true,"showImageEffects":true,"showParticleSystems":true},"in2DMode":false,"pivot":{"x":266.0181884765625,"y":24.408668518066408,"z":172.38697814941407},"rotation":{"x":-0.08622106909751892,"y":-0.894421398639679,"z":0.19655044376850129,"w":-0.3923572897911072},"size":49.882041931152347,"orthographic":false}