{"cameraMode":{"drawMode":0,"name":"Shaded","section":"Shading Mode"},"sceneLighting":false,"audioPlay":false,"sceneViewState":{"showFog":true,"showMaterialUpdate":false,"showSkybox":true,"showFlares":true,"showImageEffects":true,"showParticleSystems":true},"in2DMode":false,"pivot":{"x":286.09222412109377,"y":15.376230239868164,"z":145.1240692138672},"rotation":{"x":-0.107317715883255,"y":-0.8289027214050293,"z":0.17045649886131288,"w":-0.5218695402145386},"size":15.178423881530762,"orthographic":false}