{"cameraMode":{"drawMode":0,"name":"Shaded","section":"Shading Mode"},"sceneLighting":false,"audioPlay":false,"sceneViewState":{"showFog":true,"showMaterialUpdate":false,"showSkybox":true,"showFlares":true,"showImageEffects":true,"showParticleSystems":true},"in2DMode":false,"pivot":{"x":282.04388427734377,"y":17.760000228881837,"z":149.3747100830078},"rotation":{"x":-0.08350121974945069,"y":0.376425176858902,"z":-0.03408917039632797,"w":-0.922046422958374},"size":11.981026649475098,"orthographic":false}