{"cameraMode":{"drawMode":0,"name":"Shaded","section":"Shading Mode"},"sceneLighting":false,"audioPlay":false,"sceneViewState":{"showFog":false,"showMaterialUpdate":false,"showSkybox":false,"showFlares":false,"showImageEffects":false,"showParticleSystems":false},"in2DMode":false,"pivot":{"x":170.14024353027345,"y":187.86683654785157,"z":173.2833709716797},"rotation":{"x":0.11223938316106796,"y":-0.7319363951683044,"z":0.12438708543777466,"w":0.6604538559913635},"size":61.87519454956055,"orthographic":false}