{"cameraMode":{"drawMode":0,"name":"Shaded","section":"Shading Mode"},"sceneLighting":false,"audioPlay":false,"sceneViewState":{"showFog":true,"showMaterialUpdate":false,"showSkybox":true,"showFlares":true,"showImageEffects":true,"showParticleSystems":true},"in2DMode":false,"pivot":{"x":238.1636962890625,"y":172.22291564941407,"z":157.3431396484375},"rotation":{"x":-0.20965269207954408,"y":-0.6110935807228088,"z":0.1722961962223053,"w":-0.743588924407959},"size":12.450944900512696,"orthographic":false}