{"cameraMode":{"drawMode":0,"name":"Shaded","section":"Shading Mode"},"sceneLighting":false,"audioPlay":false,"sceneViewState":{"showFog":true,"showMaterialUpdate":false,"showSkybox":true,"showFlares":true,"showImageEffects":true,"showParticleSystems":true},"in2DMode":false,"pivot":{"x":251.29002380371095,"y":15.45872688293457,"z":223.90577697753907},"rotation":{"x":-0.312683641910553,"y":-0.523186445236206,"z":0.214333176612854,"w":-0.7632602453231812},"size":8.533287048339844,"orthographic":false}