{"cameraMode":{"drawMode":0,"name":"Shaded","section":"Shading Mode"},"sceneLighting":true,"audioPlay":false,"sceneViewState":{"showFog":false,"showMaterialUpdate":false,"showSkybox":false,"showFlares":false,"showImageEffects":false,"showParticleSystems":false},"in2DMode":false,"pivot":{"x":819.1488647460938,"y":578.847900390625,"z":-287.53619384765627},"rotation":{"x":-0.021128660067915918,"y":-0.9722015261650086,"z":0.21213936805725099,"w":-0.09682295471429825},"size":3142.735107421875,"orthographic":true}