{"cameraMode":{"drawMode":0,"name":"Shaded","section":"Shading Mode"},"sceneLighting":false,"audioPlay":false,"sceneViewState":{"showFog":false,"showMaterialUpdate":false,"showSkybox":false,"showFlares":false,"showImageEffects":false,"showParticleSystems":false},"in2DMode":false,"pivot":{"x":261.19183349609377,"y":175.4199981689453,"z":152.05093383789063},"rotation":{"x":0.05445302650332451,"y":0.8626599907875061,"z":-0.09513501822948456,"w":0.49376294016838076},"size":13.606247901916504,"orthographic":true}