{"cameraMode":{"drawMode":0,"name":"Shaded","section":"Shading Mode"},"sceneLighting":false,"audioPlay":false,"sceneViewState":{"showFog":true,"showMaterialUpdate":false,"showSkybox":true,"showFlares":true,"showImageEffects":true,"showParticleSystems":true},"in2DMode":false,"pivot":{"x":2.3204617500305177,"y":0.45861291885375979,"z":-22.192485809326173},"rotation":{"x":-0.0011003600666299463,"y":-0.9978456497192383,"z":0.06325871497392655,"w":-0.017358070239424707},"size":47.54160690307617,"orthographic":false}