{"cameraMode":{"drawMode":0,"name":"Shaded","section":"Shading Mode"},"sceneLighting":false,"audioPlay":false,"sceneViewState":{"showFog":true,"showMaterialUpdate":false,"showSkybox":true,"showFlares":true,"showImageEffects":true,"showParticleSystems":true},"in2DMode":false,"pivot":{"x":279.1612548828125,"y":18.100004196166993,"z":167.3527069091797},"rotation":{"x":-0.08237132430076599,"y":-0.7987443208694458,"z":0.11240836977958679,"w":-0.5853092074394226},"size":14.093746185302735,"orthographic":false}