{"cameraMode":{"drawMode":0,"name":"Shaded","section":"Shading Mode"},"sceneLighting":false,"audioPlay":false,"sceneViewState":{"showFog":true,"showMaterialUpdate":false,"showSkybox":true,"showFlares":true,"showImageEffects":true,"showParticleSystems":true},"in2DMode":false,"pivot":{"x":226.58584594726563,"y":17.52228546142578,"z":226.3679962158203},"rotation":{"x":-0.12186307460069657,"y":-0.7483901381492615,"z":0.14339765906333924,"w":-0.636002242565155},"size":10.190995216369629,"orthographic":false}