{"cameraMode":{"drawMode":0,"name":"Shaded","section":"Shading Mode"},"sceneLighting":false,"audioPlay":false,"sceneViewState":{"showFog":true,"showMaterialUpdate":false,"showSkybox":true,"showFlares":true,"showImageEffects":true,"showParticleSystems":true},"in2DMode":false,"pivot":{"x":284.8656005859375,"y":17.299999237060548,"z":156.45355224609376},"rotation":{"x":-0.08350121974945069,"y":0.376425176858902,"z":-0.03408917039632797,"w":-0.922046422958374},"size":20.936155319213868,"orthographic":false}