{"cameraMode":{"drawMode":0,"name":"Shaded","section":"Shading Mode"},"sceneLighting":true,"audioPlay":false,"sceneViewState":{"showFog":false,"showMaterialUpdate":false,"showSkybox":false,"showFlares":false,"showImageEffects":false,"showParticleSystems":false},"in2DMode":false,"pivot":{"x":-7.485111236572266,"y":32.73188400268555,"z":1.1308774948120118},"rotation":{"x":-0.21381975710391999,"y":-0.7657632827758789,"z":0.3164161145687103,"w":-0.5174636840820313},"size":184.5471649169922,"orthographic":true}