{"cameraMode":{"drawMode":0,"name":"Shaded","section":"Shading Mode"},"sceneLighting":false,"audioPlay":false,"sceneViewState":{"showFog":true,"showMaterialUpdate":false,"showSkybox":true,"showFlares":true,"showImageEffects":true,"showParticleSystems":true},"in2DMode":false,"pivot":{"x":286.61126708984377,"y":6.958184242248535,"z":204.50027465820313},"rotation":{"x":-0.041094377636909488,"y":-0.9579342007637024,"z":0.17759306728839875,"w":-0.2216620296239853},"size":25.975448608398439,"orthographic":false}