{"cameraMode":{"drawMode":0,"name":"Shaded","section":"Shading Mode"},"sceneLighting":true,"audioPlay":false,"sceneViewState":{"showFog":false,"showMaterialUpdate":false,"showSkybox":false,"showFlares":false,"showImageEffects":false,"showParticleSystems":false},"in2DMode":false,"pivot":{"x":223.7529296875,"y":176.02029418945313,"z":172.3175811767578},"rotation":{"x":-0.14181724190711976,"y":0.7367209196090698,"z":-0.16306087374687196,"w":-0.6407349705696106},"size":109.7726058959961,"orthographic":false}