{"cameraMode":{"drawMode":0,"name":"Shaded","section":"Shading Mode"},"sceneLighting":false,"audioPlay":false,"sceneViewState":{"showFog":true,"showMaterialUpdate":false,"showSkybox":true,"showFlares":true,"showImageEffects":true,"showParticleSystems":true},"in2DMode":false,"pivot":{"x":280.7923278808594,"y":18.64705467224121,"z":157.39517211914063},"rotation":{"x":-0.20965269207954408,"y":-0.6110935807228088,"z":0.1722961962223053,"w":-0.743588924407959},"size":16.921384811401368,"orthographic":false}