{"cameraMode":{"drawMode":0,"name":"Shaded","section":"Shading Mode"},"sceneLighting":true,"audioPlay":false,"sceneViewState":{"showFog":false,"showMaterialUpdate":false,"showSkybox":false,"showFlares":false,"showImageEffects":false,"showParticleSystems":false},"in2DMode":false,"pivot":{"x":-3.8584938049316408,"y":5.903861999511719,"z":-1.0054540634155274},"rotation":{"x":0.01578621007502079,"y":0.9840571284294128,"z":-0.1339712291955948,"w":0.115963414311409},"size":40.42950439453125,"orthographic":false}