{"cameraMode":{"drawMode":0,"name":"Shaded","section":"Shading Mode"},"sceneLighting":false,"audioPlay":false,"sceneViewState":{"showFog":true,"showMaterialUpdate":false,"showSkybox":true,"showFlares":true,"showImageEffects":true,"showParticleSystems":true},"in2DMode":false,"pivot":{"x":273.1595153808594,"y":27.39000129699707,"z":147.24000549316407},"rotation":{"x":-0.08622106909751892,"y":-0.894421398639679,"z":0.19655044376850129,"w":-0.3923572897911072},"size":54.34804153442383,"orthographic":false}