{"cameraMode":{"drawMode":0,"name":"Shaded","section":"Shading Mode"},"sceneLighting":false,"audioPlay":false,"sceneViewState":{"showFog":true,"showMaterialUpdate":false,"showSkybox":true,"showFlares":true,"showImageEffects":true,"showParticleSystems":true},"in2DMode":false,"pivot":{"x":285.5621032714844,"y":19.28614616394043,"z":148.7714080810547},"rotation":{"x":-0.20965269207954408,"y":-0.6110935807228088,"z":0.1722961962223053,"w":-0.743588924407959},"size":15.178423881530762,"orthographic":false}