{"cameraMode":{"drawMode":0,"name":"Shaded","section":"Shading Mode"},"sceneLighting":false,"audioPlay":false,"sceneViewState":{"showFog":true,"showMaterialUpdate":false,"showSkybox":true,"showFlares":true,"showImageEffects":true,"showParticleSystems":true},"in2DMode":false,"pivot":{"x":282.21905517578127,"y":16.97821807861328,"z":157.731689453125},"rotation":{"x":-0.19240309298038484,"y":0.04472869634628296,"z":-0.00877910852432251,"w":-0.9802567958831787},"size":11.874466896057129,"orthographic":false}