{"cameraMode":{"drawMode":0,"name":"Shaded","section":"Shading Mode"},"sceneLighting":false,"audioPlay":false,"sceneViewState":{"showFog":true,"showMaterialUpdate":false,"showSkybox":true,"showFlares":true,"showImageEffects":true,"showParticleSystems":true},"in2DMode":false,"pivot":{"x":284.82769775390627,"y":12.106964111328125,"z":144.67124938964845},"rotation":{"x":0.0006293027545325458,"y":-0.9543498754501343,"z":0.2986835241317749,"w":0.002009923569858074},"size":18.10055160522461,"orthographic":false}