{"cameraMode":{"drawMode":0,"name":"Shaded","section":"Shading Mode"},"sceneLighting":false,"audioPlay":false,"sceneViewState":{"showFog":false,"showMaterialUpdate":false,"showSkybox":false,"showFlares":false,"showImageEffects":false,"showParticleSystems":false},"in2DMode":false,"pivot":{"x":202.4318084716797,"y":206.31419372558595,"z":119.97367858886719},"rotation":{"x":-0.0005723974318243563,"y":-0.9993615746498108,"z":0.030324414372444154,"w":-0.01888515055179596},"size":34.335784912109378,"orthographic":false}