{"cameraMode":{"drawMode":0,"name":"Shaded","section":"Shading Mode"},"sceneLighting":true,"audioPlay":false,"sceneViewState":{"showFog":false,"showMaterialUpdate":false,"showSkybox":false,"showFlares":false,"showImageEffects":false,"showParticleSystems":false},"in2DMode":false,"pivot":{"x":-21.212520599365236,"y":174.210693359375,"z":234.884521484375},"rotation":{"x":-0.3940381705760956,"y":0.08388673514127732,"z":-0.03614257276058197,"w":-0.9145439863204956},"size":17.351655960083009,"orthographic":false}