{"cameraMode":{"drawMode":0,"name":"Shaded","section":"Shading Mode"},"sceneLighting":false,"audioPlay":false,"sceneViewState":{"showFog":true,"showMaterialUpdate":false,"showSkybox":true,"showFlares":true,"showImageEffects":true,"showParticleSystems":true},"in2DMode":false,"pivot":{"x":354.499267578125,"y":-13.09444808959961,"z":229.51150512695313},"rotation":{"x":-0.20373579859733582,"y":-0.21332862973213197,"z":0.04553844407200813,"w":-0.954415500164032},"size":189.92056274414063,"orthographic":false}